001_aokimasanami,AOKI MASANAMI,青木 聖波,d,15
002_agedamasaki,AGEDA MASAKI,安慶田 真樹,f,90
003_aljamaeujintakizawa,ALJAMA EUJIN,アルジャマ 勇心,f,69
004_andotomoaki,ANDO TOMOAKI,安藤 誠明,b,7
005_andoyu,ANDO YU,安藤 優,c,40
006_leeminhyuk,LEEMINHYUK ,イ・ミンヒョク ,d,14
007_ikumihiroto,IKUMI HIROTO,井汲 大翔,d,16
008_ikemotomasayoshi,IKEMOTO MASAYOSHI,池本 正義,c,78
009_ishiikentaro,ISHII KENTARO,石井 健太郎,f,70
010_ishiiyuki,ISHII YUKI,石井 祐輝,d,48
011_isohatahayato,ISOHATA HAYATO,五十畑 颯斗,d,65
012_inayoshihikari,INAYOSHI HIKARI,稲吉 ひかり,c,77
013_inoueminato,INOUE MINATO,井上 港人,b,39
014_imanishimasahiko,IMANISHI MASAHIKO,今西 正彦,b,13
015_iwasakiryuto,IWASAKI RYUTO,岩崎 琉斗,f,46
016_ueharajun,UEHARA JUN,上原 潤,b,12
017_uchidashuto,UCHIDA SHUTO,内田 脩斗,d,92
018_uranoshuta,URANO SHUTA,浦野 秀太,c,96
019_okawareiya,OKAWA REIYA,大川 澪哉,b,68
020_osawashunya,OSAWA SHUNYA,大澤 駿弥,b,11
021_ohirashosei,OHIRA SHOSEI,大平 祥生,b,8
022_omizurikuto,OMIZU RIKUTO,大水 陸渡,f,63
023_okadatakehiro,OKADA TAKEHIRO,岡田 武大,c,32
024_okanokaito,OKANO KAITO,岡野 海斗,d,82
025_ozawanaoki,OZAWA NAOKI,男澤 直樹,b,75
026_katagamiyushi,KATAGAMI YUSHI,片上 勇士,f,98
028_kawashiriren,KAWASHIRI REN,川尻 蓮,a,2
029_kawanishitakumi,KAWANISHI TAKUMI,川西 拓実,a,3
030_kannomasahiro,KANNO MASAHIRO,菅野 雅浩,b,72
031_kitaokakento,KITAOKA KENTO,北岡 謙人,b,28
032_kitagawahikaru,KITAGAWA HIKARU,北川 暉,d,41
033_kitagawareito,KITAGAWA REITO,北川 玲叶,f,20
034_kiharataichi,KIHARA TAICHI,木原 汰一,f,43
035_kimatasyoya,KIMATA SYOYA,木全 翔也,a,22
036_kimheecheon,KIMHEECHEON ,キム・ヒチョン ,a,4
037_kimyoundong,KIMYOUNDONG ,キム・ユンドン ,a,6
038_kinjosukai,KINJO SUKAI,金城 碧海,f,38
039_kusachiryono,KUSACHI RYONO,草地 稜之,f,34
040_gutiereztakeru,GUTIEREZ TAKERU,グチェレス タケル,c,49
041_kumazawafumiya,KUMAZAWA FUMIYA,熊澤 歩哉,f,85
042_kurokawaryusei,KUROKAWA RYUSEI,黒川 竜聖,f,47
043_konojunki,KONO JUNKI,河野 純喜,b,18
044_kogakazuma,KOGA KAZUMA,古賀 一馬,d,36
045_komajakuyuki,KOMAJAKU YUKI,駒尺 雄樹,d,57
046_komatsukoshin,KOMATSU KOSHIN,小松 倖真,d,23
047_koyamashogo,KOYAMA SHOGO,小山 省吾,b,81
048_sasakimao,SASAKI MAO,佐々木 真生,b,50
050_satoraira,SATO RAIRA,佐藤 來良,b,27
051_satoryuji,SATO RYUJI,佐藤 隆士,c,35
052_satokeigo,SATO KEIGO,佐藤 景瑚,a,17
053_sanofumiya,SANO FUMIYA,佐野 文哉,b,79
054_shiroiwaruki,SHIROIWA RUKI,白岩 瑠姫,b,19
055_suzukishinjun,SUZUKI SHINJUN,鈴木 晨順,b,86
056_suzukimiyabi,SUZUKI MIYABI,鈴木 雅,f,97
057_suzukigen,SUZUKI GEN,鈴木 玄,c,71
058_takanoakira,TAKANO AKIRA,高野 慧,d,59
059_takizawatsubasa,TAKIZAWA TSUBASA,瀧澤 翼,d,31
060_taguchikeiya,TAGUCHI KEIYA,田口 馨也,d,44
061_tanakayuya,TANAKA YUYA,田中 雄也,d,73
062_jeongyounghoon,JEONG YOUNGHOON ,チョン・ヨンフン ,c,9
063_tsuruboshion,TSURUBO SHION,鶴房 汐恩,a,5
064_terashikei,TERASHI KEI,寺師 敬,f,42
065_togoyoshiki,TOGO YOSHIKI,東郷 良樹,d,66
066_tokonamishion,TOKONAMI SHION,床波 志音,b,94
067_nakagawaginsuke,NAKAGAWA GINSUKE,中川 吟亮,f,62
068_nakagawakatsunari,NAKAGAWA KATSUNARI,中川 勝就,b,61
069_nakazatosora,NAKAZATO SORA,中里 空,b,37
070_nakatanihyuga,NAKATANI HYUGA,中谷 日向,d,89
071_nakanishinaoki,NAKANISHI NAOKI,中西 直樹,c,83
072_nakanoryunosuke,NAKANO RYUNOSUKE,中野 龍之介,f,45
073_nakabayashitoi,NAKABAYASHI TOI,中林 登生,d,93
074_nakamototaiga,NAKAMOTO TAIGA,中本 大賀,c,30
075_nishiryotaro,NISHI RYOTARO,西 涼太郎,d,64
076_nishiokoki,NISHIO KOKI,西尾 航暉,f,91
077_nishinotomoya,NISHINO TOMOYA,西野 友也,f,51
078_nishiyamakazuki,NISHIYAMA KAZUKI,西山 和貴,c,60
079_hasegawareo,HASEGAWA REO,長谷川 怜央,f,52
080_hatakengo,HATA KENGO,秦 健豪,b,58
081_hatakenya,HATA KENYA,畑 顕矢,c,99
082_hayashiryuta,HAYASHI RYUTA,林 龍太,a,21
083_fukuchisho,FUKUCHI SHO,福地 正,c,67
084_furuyaakihito,FURUYA AKIHITO,古屋 亮人,d,88
085_hondakosuke,HONDA KOSUKE,本田 康祐,b,33
086_matsukuraharuka,MATSUKURA HARUKA,松倉 悠,f,84
087_mameharaissei,MAMEHARA ISSEI,豆原 一成,a,1
088_migakidakanta,MIGAKIDA KANTA,磨田 寛大,f,29
089_mitsuiryo,MITSUI RYO,三井 瞭,d,26
090_miyazatotatsutoshi,MIYAZATO TATSUTOSHI,宮里 龍斗志,b,25
091_miyajimayugo,MIYAJIMA YUGO,宮島  優心,a,10
092_morishinjiro,MORI SHINJIRO,森 慎二郎,f,76
093_yamadasatoshi,YAMADA SATOSHI,山田 聡,f,80
094_yamadakyo,YAMADA KYO,山田 恭,c,54
095_yamamotokenta,YAMAMOTO KENTA,山本 健太,c,87
096_yukitatsuki,YUKI TATSUKI,結城  樹,d,55
097_yonashirosho,YONASHIRO SHO,與那城 奨,b,24
098_yoneharashohei,YONEHARA SHOHEI,米原 尚平,d,74
099_watanabekoki,WATANABE KOKI,渡邊 公貴,d,56
100_watanabetaiki,WATANABE TAIKI,渡邊 大貴,c,53
101_watanaberyusei,WATANABE RYUSEI,渡辺 龍星,d,95
